{"cameraMode":{"drawMode":0,"name":"Shaded","section":"Shading Mode"},"sceneLighting":false,"audioPlay":false,"sceneViewState":{"m_AlwaysRefresh":false,"showFog":true,"showSkybox":false,"showFlares":true,"showImageEffects":true,"showParticleSystems":true,"showVisualEffectGraphs":true,"m_FxEnabled":true},"in2DMode":false,"pivot":{"x":-0.0000016093254089355469,"y":0.4905843734741211,"z":1.6557600498199463},"rotation":{"x":0.010746282525360585,"y":-0.10748162120580673,"z":0.0011636113049462438,"w":0.9941838979721069},"size":4.379307270050049,"orthographic":false}