{"cameraMode":{"drawMode":0,"name":"Shaded","section":"Shading Mode"},"sceneLighting":true,"audioPlay":false,"sceneViewState":{"m_AlwaysRefresh":false,"showFog":true,"showSkybox":true,"showFlares":true,"showImageEffects":true,"showParticleSystems":true,"showVisualEffectGraphs":true,"m_FxEnabled":true},"in2DMode":false,"pivot":{"x":-12.656245231628418,"y":4.03397274017334,"z":-12.39042854309082},"rotation":{"x":0.044687725603580478,"y":-0.9543680548667908,"z":0.18583576381206513,"w":0.22961489856243134},"size":14.932282447814942,"orthographic":false}