{"cameraMode":{"drawMode":0,"name":"Shaded","section":"Shading Mode"},"sceneLighting":true,"audioPlay":false,"sceneViewState":{"m_AlwaysRefresh":false,"showFog":true,"showSkybox":true,"showFlares":true,"showImageEffects":true,"showParticleSystems":true,"showVisualEffectGraphs":true,"m_FxEnabled":true},"in2DMode":false,"pivot":{"x":-0.43334245681762698,"y":13.149740219116211,"z":5.1021928787231449},"rotation":{"x":-0.3308381736278534,"y":-0.05601216107606888,"z":0.019677022472023965,"w":-0.9418241381645203},"size":27.666534423828126,"orthographic":false}